town,college_count,population_2000,bachelors_degree,masters_degree,doctorate_degree,per_capita_income
ABINGTON,0,0,14605,0.2709999978542328,0.09099999815225601,0.0020000000949949026,45174
ACTON,0,0,20331,0.3319999873638153,0.28299999237060547,0.07999999821186066,65952
ACUSHNET,0,0,10161,0.16500000655651093,0.032999999821186066,0.003000000026077032,39457
ADAMS,0,0,8809,0.16500000655651093,0.05700000002980232,0.007000000216066837,34017
AGAWAM,0,0,28144,0.20999999344348907,0.12200000137090683,0.008999999612569809,42754
ALFORD,0,0,399,,,,71151
AMESBURY,0,0,16450,0.26600000262260437,0.10000000149011612,0.02199999988079071,48390
AMHERST,3,1,34874,0.2460000067949295,0.24799999594688416,0.17599999904632568,26341
ANDOVER,2,1,31247,0.35199999809265137,0.27300000190734863,0.05700000002980232,72451
AQUINNAH,0,0,344,,,,70958
ARLINGTON,0,0,42389,0.30399999022483826,0.289000004529953,0.07599999755620956,69007
ASHBURNHAM,0,0,5546,0.23899999260902405,0.10199999809265137,0.012000000104308128,43610
ASHBY,0,0,2845,0.20900000631809235,0.164000004529953,0.008999999612569809,47086
ASHFIELD,0,0,1800,0.24199999868869781,0.2150000035762787,0.04500000178813934,46327
ASHLAND,1,1,14674,0.31299999356269836,0.22200000286102295,0.04500000178813934,59092
ATHOL,0,0,11299,0.14499999582767487,0.052000001072883606,0.007000000216066837,28626
ATTLEBORO,1,1,42068,0.2160000056028366,0.08100000023841858,0.007000000216066837,38942
AUBURN,0,0,15901,0.2549999952316284,0.12600000202655792,0.013000000268220901,44491
AVON,0,0,4443,0.210999995470047,0.05700000002980232,0.0,41432
AYER,0,0,7287,0.26899999380111694,0.14300000667572021,0.03700000047683716,51578
BARNSTABLE,2,1,47821,0.22100000083446503,0.1420000046491623,0.01600000075995922,46996
BARRE,0,0,5113,0.164000004529953,0.19300000369548798,0.0020000000949949026,38041
BECKET,0,0,1755,0.17100000381469727,0.11599999666213989,0.013000000268220901,42134
BEDFORD,1,1,12595,0.3190000057220459,0.27000001072883606,0.05400000140070915,75343
BELCHERTOWN,0,0,12968,0.23399999737739563,0.16699999570846558,0.032999999821186066,43421
BELLINGHAM,0,0,15314,0.23899999260902405,0.1340000033378601,0.009999999776482582,44845
BELMONT,0,0,24194,0.26499998569488525,0.28200000524520874,0.12700000405311584,81383
BERKLEY,0,0,5749,0.27799999713897705,0.10100000351667404,0.003000000026077032,43686
BERLIN,0,0,2380,0.3179999887943268,0.14399999380111694,0.024000000208616257,55248
BERNARDSTON,0,0,2155,0.15199999511241913,0.13600000739097595,0.010999999940395355,35461
BEVERLY,2,1,39862,0.3089999854564667,0.14399999380111694,0.01899999938905239,50533
BILLERICA,1,1,38981,0.2409999966621399,0.11299999803304672,0.01600000075995922,47880
BLACKSTONE,0,0,8804,0.2669999897480011,0.09700000286102295,0.023000000044703484,43891
BLANDFORD,0,0,1214,,,,42569
BOLTON,0,0,4159,0.35199999809265137,0.2630000114440918,0.057999998331069946,66748
BOSTON,45,1,588957,0.27799999713897705,0.1509999930858612,0.03400000184774399,50344
BOURNE,2,1,18721,0.2540000081062317,0.1340000033378601,0.017000000923871994,47950
BOXBOROUGH,0,0,4868,0.34700000286102295,0.2619999945163727,0.08100000023841858,68728
BOXFORD,0,0,7921,0.3880000114440918,0.20600000023841858,0.04899999871850014,83766
BOYLSTON,0,0,4083,0.3370000123977661,0.1850000023841858,0.020999999716877937,60789
BRAINTREE,2,1,33828,0.2750000059604645,0.13099999725818634,0.017000000923871994,53208
BREWSTER,0,0,10094,0.2370000034570694,0.17000000178813934,0.03099999949336052,50551
BRIDGEWATER,1,1,25185,0.24199999868869781,0.11800000071525574,0.009999999776482582,41188
BRIMFIELD,0,0,3339,0.2849999964237213,0.09600000083446503,0.004999999888241291,45461
BROCKTON,3,1,94304,0.13099999725818634,0.0430000014603138,0.004999999888241291,30508
BROOKFIELD,0,0,3051,0.2070000022649765,0.052000001072883606,0.00800000037997961,39401
BROOKLINE,5,1,57291,0.28999999165534973,0.25699999928474426,0.16599999368190765,83318
BUCKLAND,0,0,1991,0.2720000147819519,0.17100000381469727,0.03099999949336052,32279
BURLINGTON,2,1,22876,0.3490000069141388,0.1860000044107437,0.03200000151991844,60260
CAMBRIDGE,11,1,101355,0.29499998688697815,0.2800000011920929,0.14399999380111694,65494
CANTON,4,1,20775,0.31700000166893005,0.19699999690055847,0.03400000184774399,63306
CARLISLE,0,0,4717,0.32100000977516174,0.2590000033378601,0.08299999684095383,91493
CARVER,0,0,11177,0.13600000739097595,0.09000000357627869,0.003000000026077032,36257
CHARLEMONT,0,0,1358,,,,34358
CHARLTON,1,1,11263,0.2240000069141388,0.12999999523162842,0.004999999888241291,42561
CHATHAM,0,0,6625,0.3440000116825104,0.19499999284744263,0.028999999165534973,65443
CHELMSFORD,0,0,33858,0.2980000078678131,0.18799999356269836,0.027000000700354576,53430
CHELSEA,0,0,35116,0.12800000607967377,0.05000000074505806,0.00800000037997961,27627
CHESHIRE,0,0,3401,0.20100000500679016,0.10000000149011612,0.0,38249
CHESTER,0,0,1308,0.08500000089406967,0.07199999690055847,0.009999999776482582,31462
CHESTERFIELD,0,0,1201,,,,40202
CHICOPEE,3,1,54653,0.1379999965429306,0.057999998331069946,0.00800000037997961,31086
CHILMARK,0,0,843,0.34700000286102295,0.125,0.04100000113248825,64598
CLARKSBURG,0,0,1686,0.1550000011920929,0.05900000035762787,0.02500000037252903,36846
CLINTON,0,0,13424,0.22100000083446503,0.09799999743700027,0.02800000086426735,40857
COHASSET,0,0,7261,0.38499999046325684,0.25200000405311584,0.013000000268220901,94437
COLRAIN,0,0,1813,0.14499999582767487,0.1420000046491623,0.03200000151991844,34785
CONCORD,0,0,16993,0.27399998903274536,0.3230000138282776,0.0689999982714653,81270
CONWAY,1,1,1809,0.27000001072883606,0.2639999985694885,0.04600000008940697,57027
CUMMINGTON,0,0,978,,,,35900
DALTON,0,0,6892,0.23999999463558197,0.12800000607967377,0.024000000208616257,44825
DANVERS,1,1,25212,0.2879999876022339,0.12700000405311584,0.014999999664723873,49862
DARTMOUTH,2,1,30666,0.20600000023841858,0.10499999672174454,0.01899999938905239,41307
DEDHAM,1,1,23464,0.3009999990463257,0.18299999833106995,0.027000000700354576,57489
DEERFIELD,0,0,4750,0.20800000429153442,0.1889999955892563,0.019999999552965164,48762
DENNIS,1,1,15973,0.2460000067949295,0.13099999725818634,0.009999999776482582,46340
DIGHTON,0,0,6175,0.16200000047683716,0.12800000607967377,0.003000000026077032,42511
DOUGLAS,0,0,7045,0.25699999928474426,0.09600000083446503,0.003000000026077032,51373
DOVER,0,0,5558,0.2639999985694885,0.2879999876022339,0.07599999755620956,133500
DRACUT,0,0,28562,0.2199999988079071,0.0729999989271164,0.012000000104308128,42008
DUDLEY,1,1,10036,0.17800000309944153,0.07999999821186066,0.008999999612569809,31664
DUNSTABLE,0,0,2829,0.3499999940395355,0.1509999930858612,0.019999999552965164,63085
DUXBURY,0,0,14248,0.3799999952316284,0.2329999953508377,0.02500000037252903,71321
EAST BRIDGEWATER,0,0,12974,0.19200000166893005,0.08399999886751175,0.0010000000474974513,49445
EAST BROOKFIELD,0,0,2097,0.17399999499320984,0.10599999874830246,0.0,38292
EAST LONGMEADOW,0,0,14100,0.2619999945163727,0.1340000033378601,0.014000000432133675,45658
EASTHAM,0,0,5453,0.26499998569488525,0.18700000643730164,0.014000000432133675,46536
EASTHAMPTON,1,1,15994,0.23499999940395355,0.11299999803304672,0.008999999612569809,40087
EASTON,2,1,22299,0.28200000524520874,0.1469999998807907,0.01899999938905239,53994
EDGARTOWN,0,0,3779,0.27300000190734863,0.06800000369548798,0.007000000216066837,44665
EGREMONT,0,0,1345,0.27399998903274536,0.19699999690055847,0.020999999716877937,51154
ERVING,0,0,1467,0.14300000667572021,0.050999999046325684,0.004000000189989805,32207
ESSEX,0,0,3267,0.2919999957084656,0.20999999344348907,0.04699999839067459,53186
EVERETT,1,1,38037,0.1509999930858612,0.06700000166893005,0.007000000216066837,31599
FAIRHAVEN,0,0,16159,0.19699999690055847,0.07100000232458115,0.006000000052154064,50384
FALL RIVER,4,1,91938,0.1080000028014183,0.03999999910593033,0.007000000216066837,28561
FALMOUTH,1,1,32660,0.26600000262260437,0.14499999582767487,0.04800000041723251,51645
FITCHBURG,2,1,39102,0.14000000059604645,0.05900000035762787,0.007000000216066837,30300
FLORIDA,0,0,676,,,,34545
FOXBOROUGH,0,0,16246,0.3109999895095825,0.1809999942779541,0.03200000151991844,57552
FRAMINGHAM,3,1,66910,0.28200000524520874,0.1589999943971634,0.028999999165534973,48470
FRANKLIN,2,1,29560,0.3109999895095825,0.18199999630451202,0.03999999910593033,55509
FREETOWN,0,0,8472,0.26899999380111694,0.06300000101327896,0.01600000075995922,44663
GARDNER,1,1,20770,0.12600000202655792,0.054999999701976776,0.003000000026077032,30506
GEORGETOWN,0,0,7377,0.33500000834465027,0.15299999713897705,0.008999999612569809,55782
GILL,0,0,1363,0.35499998927116394,0.11100000143051147,0.019999999552965164,46337
GLOUCESTER,0,0,30273,0.23100000619888306,0.11500000208616257,0.02199999988079071,47248
GOSHEN,0,0,921,,,,42984
GOSNOLD,0,0,86,,,,87603
GRAFTON,1,1,14894,0.30399999022483826,0.15800000727176666,0.029999999329447746,52350
GRANBY,0,0,6132,0.2540000081062317,0.11699999868869781,0.009999999776482582,48725
GRANVILLE,0,0,1521,0.23800000548362732,0.06700000166893005,0.041999999433755875,41652
GREAT BARRINGTON,1,1,7527,0.2070000022649765,0.15399999916553497,0.057999998331069946,41587
GREENFIELD,1,1,18168,0.19599999487400055,0.09600000083446503,0.02199999988079071,32167
GROTON,0,0,9547,0.3799999952316284,0.20100000500679016,0.028999999165534973,65271
GROVELAND,0,0,6038,0.32199999690055847,0.19499999284744263,0.008999999612569809,50812
HADLEY,0,0,4793,0.32100000977516174,0.13600000739097595,0.08699999749660492,50856
HALIFAX,0,0,7480,0.21400000154972076,0.0989999994635582,0.008999999612569809,42742
HAMILTON,1,1,8315,0.39100000262260437,0.22200000286102295,0.039000000804662704,50599
HAMPDEN,0,0,5171,0.17800000309944153,0.15199999511241913,0.004000000189989805,44474
HANCOCK,0,0,721,,,,37505
HANOVER,0,0,13164,0.29100000858306885,0.13699999451637268,0.014000000432133675,59268
HANSON,0,0,9515,0.2280000001192093,0.09099999815225601,0.012000000104308128,51071
HARDWICK,0,0,2622,0.15199999511241913,0.07900000363588333,0.01600000075995922,34931
HARVARD,0,0,5981,0.34299999475479126,0.2150000035762787,0.04500000178813934,61897
HARWICH,0,0,12386,0.23199999332427979,0.17800000309944153,0.019999999552965164,46676
HATFIELD,0,0,3249,0.25099998712539673,0.10899999737739563,0.029999999329447746,42739
HAVERHILL,2,1,58969,0.19599999487400055,0.07100000232458115,0.012000000104308128,36534
HAWLEY,0,0,336,,,,46608
HEATH,0,0,805,,,,42410
HINGHAM,0,0,19882,0.37400001287460327,0.23600000143051147,0.03500000014901161,91263
HINSDALE,0,0,1872,0.1679999977350235,0.07699999958276749,0.004999999888241291,32877
HOLBROOK,1,1,10785,0.20100000500679016,0.07500000298023224,0.009999999776482582,41324
HOLDEN,0,0,15621,0.28700000047683716,0.21400000154972076,0.039000000804662704,50674
HOLLAND,0,0,2407,0.22100000083446503,0.09399999678134918,0.009999999776482582,44919
HOLLISTON,0,0,13801,0.36000001430511475,0.23399999737739563,0.03099999949336052,66563
HOLYOKE,2,1,39838,0.14000000059604645,0.06499999761581421,0.003000000026077032,25744
HOPEDALE,0,0,5907,0.2639999985694885,0.12800000607967377,0.014000000432133675,46266
HOPKINTON,0,0,13346,0.3779999911785126,0.2680000066757202,0.050999999046325684,85400
HUBBARDSTON,0,0,3909,0.20399999618530273,0.1080000028014183,0.006000000052154064,41663
HUDSON,0,0,18113,0.27300000190734863,0.14000000059604645,0.02500000037252903,48829
HULL,0,0,11050,0.28999999165534973,0.14100000262260437,0.014999999664723873,63148
HUNTINGTON,0,0,2174,0.25,0.061000000685453415,0.004000000189989805,34276
IPSWICH,1,1,12987,0.30799999833106995,0.17399999499320984,0.03200000151991844,66285
KINGSTON,0,0,11780,0.3089999854564667,0.08799999952316284,0.010999999940395355,48940
LAKEVILLE,0,0,9821,0.23399999737739563,0.0820000022649765,0.014999999664723873,47341
LANCASTER,0,0,7380,0.29899999499320984,0.09799999743700027,0.010999999940395355,40875
LANESBOROUGH,0,0,2990,0.2639999985694885,0.13199999928474426,0.008999999612569809,41710
LAWRENCE,5,1,72043,0.08500000089406967,0.029999999329447746,0.003000000026077032,23316
LEE,0,0,5985,0.1589999943971634,0.15000000596046448,0.014000000432133675,39400
LEICESTER,1,1,10471,0.17100000381469727,0.08799999952316284,0.0010000000474974513,37653
LENOX,0,0,5077,0.2919999957084656,0.12200000137090683,0.054999999701976776,47510
LEOMINSTER,0,0,41303,0.19699999690055847,0.07800000160932541,0.010999999940395355,40192
LEVERETT,0,0,1663,0.2370000034570694,0.2939999997615814,0.08799999952316284,55346
LEXINGTON,0,0,30355,0.25699999928474426,0.3490000069141388,0.1469999998807907,96170
LEYDEN,0,0,772,,,,47244
LINCOLN,1,1,8056,0.289000004529953,0.2630000114440918,0.11100000143051147,92567
LITTLETON,0,0,8184,0.289000004529953,0.1860000044107437,0.04600000008940697,59179
LONGMEADOW,1,1,15633,0.3160000145435333,0.18000000715255737,0.035999998450279236,62946
LOWELL,3,1,105167,0.164000004529953,0.08699999749660492,0.009999999776482582,30620
LUDLOW,1,1,21209,0.16500000655651093,0.04699999839067459,0.004999999888241291,38159
LUNENBURG,1,1,9401,0.24899999797344208,0.1120000034570694,0.008999999612569809,45145
LYNN,1,1,89050,0.13500000536441803,0.04699999839067459,0.007000000216066837,29541
LYNNFIELD,0,0,11542,0.33000001311302185,0.19499999284744263,0.024000000208616257,67303
MALDEN,4,1,56340,0.2409999966621399,0.11800000071525574,0.024000000208616257,38784
MANCHESTER,0,0,5228,,,,
MANSFIELD,0,0,22414,0.30399999022483826,0.17800000309944153,0.02500000037252903,55451
MARBLEHEAD,0,0,20377,0.41999998688697815,0.20800000429153442,0.04100000113248825,81072
MARION,0,0,5123,0.25600001215934753,0.13699999451637268,0.03099999949336052,63437
MARLBOROUGH,1,1,36255,0.23000000417232513,0.1420000046491623,0.012000000104308128,44775
MARSHFIELD,0,0,24324,0.32499998807907104,0.1289999932050705,0.020999999716877937,52025
MASHPEE,0,0,12946,0.23999999463558197,0.12300000339746475,0.010999999940395355,48569
MATTAPOISETT,0,0,6268,0.30399999022483826,0.13600000739097595,0.02800000086426735,68526
MAYNARD,0,0,10433,0.27799999713897705,0.19499999284744263,0.052000001072883606,55372
MEDFIELD,0,0,12273,0.3580000102519989,0.2939999997615814,0.027000000700354576,88348
MEDFORD,3,1,55765,0.2849999964237213,0.18299999833106995,0.04899999871850014,55098
MEDWAY,0,0,12448,0.3700000047683716,0.18700000643730164,0.012000000104308128,66559
MELROSE,0,0,27134,0.3149999976158142,0.21199999749660492,0.0430000014603138,58791
MENDON,0,0,5286,0.37400001287460327,0.09399999678134918,0.027000000700354576,51840
MERRIMAC,0,0,6138,0.23999999463558197,0.11599999666213989,0.004000000189989805,43144
METHUEN,0,0,43789,0.18199999630451202,0.09600000083446503,0.00800000037997961,39507
MIDDLEBOROUGH,1,1,19927,0.17499999701976776,0.06800000369548798,0.003000000026077032,43754
MIDDLEFIELD,0,0,542,,,,46890
MIDDLETON,1,1,7744,0.2549999952316284,0.08299999684095383,0.026000000536441803,60851
MILFORD,0,0,26799,0.22200000286102295,0.10000000149011612,0.010999999940395355,41540
MILLBURY,0,0,12784,0.17800000309944153,0.10999999940395355,0.017999999225139618,45409
MILLIS,0,0,7902,0.32100000977516174,0.11500000208616257,0.013000000268220901,55899
MILLVILLE,0,0,2724,0.19099999964237213,0.06400000303983688,0.0,44560
MILTON,2,1,26062,0.30300000309944153,0.21799999475479126,0.04100000113248825,61696
MONROE,0,0,93,,,,36361
MONSON,0,0,8359,0.15600000321865082,0.09399999678134918,0.004999999888241291,41590
MONTAGUE,0,0,8489,0.16699999570846558,0.08399999886751175,0.013000000268220901,33442
MONTEREY,0,0,934,,,,77003
MONTGOMERY,0,0,654,,,,52281
MOUNT WASHINGTON,0,0,130,,,,45724
NAHANT,1,1,3632,0.3479999899864197,0.1889999955892563,0.041999999433755875,73957
NANTUCKET,1,1,9520,0.2980000078678131,0.1340000033378601,0.020999999716877937,52324
NATICK,0,0,32170,0.3190000057220459,0.25999999046325684,0.041999999433755875,67267
NEEDHAM,1,1,28924,0.3109999895095825,0.3050000071525574,0.06700000166893005,87067
NEW ASHFORD,0,0,247,,,,43074
NEW BEDFORD,3,1,93768,0.11800000071525574,0.039000000804662704,0.006000000052154064,27583
NEW BRAINTREE,0,0,927,,,,42015
NEW MARLBOROUGH,0,0,1494,0.2199999988079071,0.1589999943971634,0.014999999664723873,45768
NEW SALEM,0,0,929,,,,36675
NEWBURY,0,0,6717,0.32199999690055847,0.19200000166893005,0.017000000923871994,71508
NEWBURYPORT,0,0,17189,0.35600000619888306,0.1979999989271164,0.03999999910593033,66359
NEWTON,6,1,83829,0.2939999997615814,0.2669999897480011,0.11699999868869781,81020
NORFOLK,0,0,10460,0.3050000071525574,0.1599999964237213,0.017000000923871994,52240
NORTH ADAMS,2,1,14681,0.125,0.0860000029206276,0.012000000104308128,31428
NORTH ANDOVER,2,1,27202,0.33899998664855957,0.20999999344348907,0.02500000037252903,59393
NORTH ATTLEBOROUGH,0,0,27143,0.2669999897480011,0.11299999803304672,0.01600000075995922,47877
NORTH BROOKFIELD,0,0,4683,0.1420000046491623,0.07199999690055847,0.007000000216066837,38700
NORTH READING,0,0,13837,0.3330000042915344,0.1809999942779541,0.02500000037252903,65574
NORTHAMPTON,2,1,28978,0.27799999713897705,0.2199999988079071,0.06800000369548798,41663
NORTHBOROUGH,0,0,14013,0.33399999141693115,0.24300000071525574,0.02199999988079071,74126
NORTHBRIDGE,0,0,13182,0.21400000154972076,0.11299999803304672,0.008999999612569809,43333
NORTHFIELD,0,0,2951,0.24899999797344208,0.15000000596046448,0.027000000700354576,41106
NORTON,1,1,18036,0.2639999985694885,0.13199999928474426,0.008999999612569809,45590
NORWELL,0,0,9765,0.4169999957084656,0.20100000500679016,0.013000000268220901,66081
NORWOOD,3,1,28587,0.31700000166893005,0.14300000667572021,0.01899999938905239,54645
OAK BLUFFS,0,0,3713,0.23899999260902405,0.12700000405311584,0.0,51258
OAKHAM,0,0,1673,0.257999986410141,0.11699999868869781,0.00800000037997961,39893
ORANGE,0,0,7518,0.12999999523162842,0.05299999937415123,0.006000000052154064,28966
ORLEANS,0,0,6341,0.34700000286102295,0.16099999845027924,0.05400000140070915,63651
OTIS,0,0,1365,0.1940000057220459,0.12700000405311584,0.017999999225139618,49186
OXFORD,0,0,13352,0.17800000309944153,0.09700000286102295,0.004999999888241291,39485
PALMER,0,0,12497,0.19499999284744263,0.041999999433755875,0.004000000189989805,35844
PAXTON,1,1,4386,0.31299999356269836,0.164000004529953,0.027000000700354576,49419
PEABODY,1,1,48134,0.2290000021457672,0.09300000220537186,0.00800000037997961,44056
PELHAM,0,0,1403,0.27900001406669617,0.1889999955892563,0.12600000202655792,49128
PEMBROKE,0,0,16927,0.2540000081062317,0.11800000071525574,0.006000000052154064,53499
PEPPERELL,0,0,11142,0.22200000286102295,0.11900000274181366,0.024000000208616257,48499
PERU,0,0,821,,,,40332
PETERSHAM,0,0,1180,,,,40275
PHILLIPSTON,0,0,1621,0.12999999523162842,0.0729999989271164,0.017000000923871994,36890
PITTSFIELD,2,1,45793,0.1940000057220459,0.08500000089406967,0.008999999612569809,37356
PLAINFIELD,0,0,589,,,,41148
PLAINVILLE,0,0,7683,0.2759999930858612,0.11299999803304672,0.01899999938905239,51092
PLYMOUTH,1,1,51701,0.25200000405311584,0.12200000137090683,0.009999999776482582,52711
PLYMPTON,0,0,2637,0.22200000286102295,0.10700000077486038,0.006000000052154064,47235
PRINCETON,0,0,3353,0.3059999942779541,0.22200000286102295,0.04100000113248825,63289
PROVINCETOWN,0,0,3431,0.30300000309944153,0.16500000655651093,0.06400000303983688,70543
QUINCY,5,1,88025,0.2630000114440918,0.14900000393390656,0.02199999988079071,45634
RANDOLPH,0,0,30963,0.18700000643730164,0.07400000095367432,0.004000000189989805,39488
RAYNHAM,0,0,11739,0.2549999952316284,0.1340000033378601,0.006000000052154064,46231
READING,0,0,23708,0.33500000834465027,0.2199999988079071,0.035999998450279236,60517
REHOBOTH,0,0,10172,0.2800000011920929,0.14000000059604645,0.027000000700354576,45110
REVERE,0,0,47247,0.16200000047683716,0.057999998331069946,0.00800000037997961,33749
RICHMOND,0,0,1604,0.28200000524520874,0.13099999725818634,0.035999998450279236,71327
ROCHESTER,0,0,4581,0.3059999942779541,0.16200000047683716,0.017000000923871994,51107
ROCKLAND,0,0,17670,0.24500000476837158,0.07199999690055847,0.007000000216066837,38962
ROCKPORT,0,0,7767,0.3089999854564667,0.20900000631809235,0.03099999949336052,54673
ROWE,0,0,351,,,,32844
ROWLEY,0,0,5500,0.2540000081062317,0.2070000022649765,0.007000000216066837,61653
ROYALSTON,0,0,1254,0.12300000339746475,0.06800000369548798,0.00800000037997961,36955
RUSSELL,0,0,1657,0.16699999570846558,0.05999999865889549,0.009999999776482582,38273
RUTLAND,0,0,6353,0.2630000114440918,0.11999999731779099,0.026000000536441803,46331
SALEM,1,1,40402,0.2750000059604645,0.13300000131130219,0.02500000037252903,42944
SALISBURY,0,0,7827,0.25600001215934753,0.11100000143051147,0.00800000037997961,49861
SANDISFIELD,0,0,824,,,,38200
SANDWICH,0,0,20136,0.2800000011920929,0.14100000262260437,0.020999999716877937,54994
SAUGUS,0,0,26078,0.18700000643730164,0.06599999964237213,0.014999999664723873,43997
SAVOY,0,0,705,,,,31726
SCITUATE,0,0,17863,0.3449999988079071,0.18199999630451202,0.02199999988079071,75401
SEEKONK,1,1,13425,0.23199999332427979,0.1289999932050705,0.017000000923871994,48651
SHARON,0,0,17408,0.30300000309944153,0.26600000262260437,0.06400000303983688,71247
SHEFFIELD,0,0,3335,0.13199999928474426,0.10199999809265137,0.02199999988079071,59482
SHELBURNE,0,0,2058,0.27000001072883606,0.20999999344348907,0.019999999552965164,47442
SHERBORN,0,0,4200,0.34200000762939453,0.34200000762939453,0.07000000029802322,96081
SHIRLEY,0,0,6373,0.19699999690055847,0.07599999755620956,0.004999999888241291,40933
SHREWSBURY,0,0,31565,0.3109999895095825,0.2329999953508377,0.04600000008940697,53283
SHUTESBURY,0,0,1810,0.3190000057220459,0.23999999463558197,0.15299999713897705,47474
SOMERSET,0,0,18234,0.2150000035762787,0.06599999964237213,0.008999999612569809,47396
SOMERVILLE,1,1,77478,0.34299999475479126,0.20999999344348907,0.0689999982714653,58437
SOUTH HADLEY,1,1,17196,0.2329999953508377,0.14499999582767487,0.032999999821186066,45190
SOUTHAMPTON,0,0,5387,0.20800000429153442,0.14800000190734863,0.017000000923871994,47105
SOUTHBOROUGH,0,0,8781,0.3580000102519989,0.1940000057220459,0.0689999982714653,82164
SOUTHBRIDGE,0,0,17214,0.11299999803304672,0.04100000113248825,0.004000000189989805,29962
SOUTHWICK,0,0,8835,0.20000000298023224,0.14000000059604645,0.01899999938905239,44361
SPENCER,0,0,11691,0.11400000005960464,0.08299999684095383,0.004000000189989805,39729
SPRINGFIELD,10,1,152082,0.11699999868869781,0.054999999701976776,0.007000000216066837,23161
STERLING,0,0,7257,0.32199999690055847,0.17599999904632568,0.02500000037252903,59851
STOCKBRIDGE,0,0,2276,0.1889999955892563,0.19300000369548798,0.023000000044703484,44851
STONEHAM,0,0,22219,0.289000004529953,0.15600000321865082,0.024000000208616257,55001
STOUGHTON,0,0,27149,0.23600000143051147,0.13500000536441803,0.007000000216066837,44380
STOW,0,0,5902,0.37700000405311584,0.289000004529953,0.04699999839067459,62810
STURBRIDGE,0,0,7837,0.2199999988079071,0.13899999856948853,0.01600000075995922,44638
SUDBURY,0,0,16841,0.37599998712539673,0.2680000066757202,0.0860000029206276,86008
SUNDERLAND,0,0,3777,0.23899999260902405,0.17299999296665192,0.04399999976158142,35832
SUTTON,0,0,8250,0.21699999272823334,0.13600000739097595,0.023000000044703484,56895
SWAMPSCOTT,0,0,14412,0.29899999499320984,0.1860000044107437,0.03999999910593033,63595
SWANSEA,0,0,15901,0.1720000058412552,0.07500000298023224,0.019999999552965164,44108
TAUNTON,2,1,55976,0.16200000047683716,0.054999999701976776,0.004000000189989805,33862
TEMPLETON,0,0,6799,0.21699999272823334,0.06400000303983688,0.0,43748
TEWKSBURY,1,1,28847,0.23399999737739563,0.11400000005960464,0.01600000075995922,50133
TISBURY,0,0,3755,0.20800000429153442,0.12200000137090683,0.008999999612569809,36180
TOLLAND,0,0,426,,,,60086
TOPSFIELD,0,0,6141,0.3190000057220459,0.2590000033378601,0.05000000074505806,56556
TOWNSEND,0,0,9198,0.24300000071525574,0.11800000071525574,0.007000000216066837,45087
TRURO,0,0,2087,,,,66512
TYNGSBOROUGH,2,1,11081,0.2549999952316284,0.14499999582767487,0.01899999938905239,50573
TYRINGHAM,0,0,350,,,,56308
UPTON,1,1,5642,0.35899999737739563,0.18700000643730164,0.032999999821186066,57613
UXBRIDGE,0,0,11156,0.2409999966621399,0.1080000028014183,0.004999999888241291,47848
WAKEFIELD,1,1,24804,0.3149999976158142,0.15000000596046448,0.029999999329447746,57906
WALES,0,0,1737,0.1589999943971634,0.0560000017285347,0.012000000104308128,40283
WALPOLE,0,0,22824,0.34599998593330383,0.164000004529953,0.017000000923871994,57066
WALTHAM,4,1,59226,0.28200000524520874,0.18799999356269836,0.029999999329447746,49193
WARE,0,0,9707,0.164000004529953,0.04800000041723251,0.009999999776482582,31641
WAREHAM,0,0,20335,0.16500000655651093,0.07500000298023224,0.004000000189989805,39692
WARREN,0,0,4776,0.25,0.07400000095367432,0.0,32834
WARWICK,0,0,750,,,,38944
WASHINGTON,0,0,544,,,,43253
WATERTOWN,0,0,32986,0.31299999356269836,0.24500000476837158,0.054999999701976776,62772
WAYLAND,0,0,13100,0.34599998593330383,0.2619999945163727,0.07199999690055847,86947
WEBSTER,0,0,16415,0.18299999833106995,0.06300000101327896,0.004000000189989805,37342
WELLESLEY,3,1,26604,0.3310000002384186,0.2939999997615814,0.08299999684095383,97262
WELLFLEET,0,0,2749,0.22599999606609344,0.23199999332427979,0.05000000074505806,46695
WENDELL,0,0,986,,,,33452
WENHAM,1,1,4440,0.4230000078678131,0.2070000022649765,0.017999999225139618,53093
WEST BOYLSTON,2,1,7481,0.1940000057220459,0.12200000137090683,0.017999999225139618,44185
WEST BRIDGEWATER,0,0,6634,0.2800000011920929,0.07500000298023224,0.010999999940395355,45627
WEST BROOKFIELD,0,0,3804,0.23100000619888306,0.05900000035762787,0.006000000052154064,41812
WEST NEWBURY,0,0,4149,0.36399999260902405,0.17399999499320984,0.039000000804662704,67639
WEST SPRINGFIELD,1,1,27899,0.1850000023841858,0.10400000214576721,0.009999999776482582,38318
WEST STOCKBRIDGE,0,0,1416,,,,48741
WEST TISBURY,0,0,2467,0.19499999284744263,0.17800000309944153,0.03500000014901161,75630
WESTBOROUGH,1,1,17997,0.3310000002384186,0.2460000067949295,0.05999999865889549,60444
WESTFIELD,1,1,40072,0.20499999821186066,0.09200000017881393,0.014000000432133675,36635
WESTFORD,0,0,20754,0.3409999907016754,0.27799999713897705,0.050999999046325684,62128
WESTHAMPTON,0,0,1468,0.2199999988079071,0.16500000655651093,0.0430000014603138,49362
WESTMINSTER,0,0,6907,0.25,0.14300000667572021,0.010999999940395355,47496
WESTON,2,1,11465,0.33500000834465027,0.26499998569488525,0.1080000028014183,107793
WESTPORT,0,0,14183,0.18700000643730164,0.10499999672174454,0.017999999225139618,45279
WESTWOOD,1,1,14117,0.3709999918937683,0.210999995470047,0.052000001072883606,75396
WEYMOUTH,0,0,53988,0.2590000033378601,0.10400000214576721,0.012000000104308128,46645
WHATELY,0,0,1573,0.22499999403953552,0.12300000339746475,0.02199999988079071,63974
WHITMAN,0,0,13882,0.19300000369548798,0.06400000303983688,0.007000000216066837,40764
WILBRAHAM,1,1,13473,0.2529999911785126,0.18000000715255737,0.010999999940395355,53651
WILLIAMSBURG,0,0,2427,0.2809999883174896,0.23499999940395355,0.02500000037252903,49695
WILLIAMSTOWN,1,1,8424,0.20399999618530273,0.2549999952316284,0.14499999582767487,37560
WILMINGTON,0,0,21367,0.2919999957084656,0.15199999511241913,0.01899999938905239,55990
WINCHENDON,0,0,9611,0.13899999856948853,0.08100000023841858,0.0,34523
WINCHESTER,0,0,20810,0.30300000309944153,0.2709999978542328,0.07400000095367432,90356
WINDSOR,0,0,875,,,,55548
WINTHROP,0,0,18303,0.2759999930858612,0.09399999678134918,0.014000000432133675,49915
WOBURN,7,1,37258,0.27900001406669617,0.15600000321865082,0.02199999988079071,50498
WORCESTER,15,1,172648,0.18799999356269836,0.08500000089406967,0.019999999552965164,30855
WORTHINGTON,0,0,1270,,,,50236
WRENTHAM,0,0,10554,0.3499999940395355,0.1340000033378601,0.017000000923871994,62721
YARMOUTH,0,0,24807,0.2160000056028366,0.12600000202655792,0.012000000104308128,45471
